original_name,lat,lon,formatted,name,housenumber,street,postcode,district,suburb,city,county,state,state_code,country,country_code,confidence,attribution,attribution_license,attribution_url
Palais des Beaux-Arts de Lille,50.630458149999995,3.0628110944444478,"Palais des Beaux-Arts, Place de la République, 59046 Lille, France",Palais des Beaux-Arts,,Place de la République,59046,Lille,Euralille,Lille,Nord,Hauts-de-France,HDF,France,fr,0,© OpenStreetMap contributors,Open Database License,https://www.openstreetmap.org/copyright
La Vieille Bourse lille,50.6370472,3.064016968207108,"Vieille Bourse, Rue des Sept Agaches, 59800 Lille, France",Vieille Bourse,,Rue des Sept Agaches,59800,Lille,Euralille,Lille,Nord,Hauts-de-France,HDF,France,fr,,© OpenStreetMap contributors,Open Database License,https://www.openstreetmap.org/copyright
Cathédrale Notre-Dame-de-la-Treille lille,50.6401791,3.062811785213672,"Cathédrale Notre-Dame de la Treille, Place Gilleson, 59800 Lille, France",Cathédrale Notre-Dame de la Treille,,Place Gilleson,59800,Lille,Vieux-Lille,Lille,Nord,Hauts-de-France,HDF,France,fr,0,© OpenStreetMap contributors,Open Database License,https://www.openstreetmap.org/copyright
Zoo de Lille,50.6382274,3.047748,"Zoo de Lille, Allée Arlette Gruss, 59800 Lille, France",Zoo de Lille,,Allée Arlette Gruss,59800,Lille,Vauban-Esquermes,Lille,Nord,Hauts-de-France,HDF,France,fr,0,© OpenStreetMap contributors,Open Database License,https://www.openstreetmap.org/copyright
Parc de la Citadelle lille,50.6420898,3.0482218317792293,"Parc de la Citadelle, Vauban-Esquermes, Lille, Nord, France",Parc de la Citadelle,,,,Lille,Vauban-Esquermes,Lille,Nord,Hauts-de-France,HDF,France,fr,0,© OpenStreetMap contributors,Open Database License,https://www.openstreetmap.org/copyright
Place Charles de Gaulle lille,50.47706565,3.0555194925119555,"Place Charles de Gaulle, 59239 Thumeries, France",Place Charles de Gaulle,,,59239,,,Thumeries,Nord,Hauts-de-France,HDF,France,fr,0,© OpenStreetMap contributors,Open Database License,https://www.openstreetmap.org/copyright
Musée d'Histoire Naturelle lille,50.6266587,3.06701952992126,"Musée d'Histoire Naturelle et de Géologie, Rue Malus, 59046 Lille, France",Musée d'Histoire Naturelle et de Géologie,,Rue Malus,59046,Lille,Euralille,Lille,Nord,Hauts-de-France,HDF,France,fr,,© OpenStreetMap contributors,Open Database License,https://www.openstreetmap.org/copyright
Église Saint-Maurice lille,50.635879,3.0675010887495997,"Église Saint-Maurice, Parvis Saint-Maurice, 59800 Lille, France",Église Saint-Maurice,,Parvis Saint-Maurice,59800,Lille,Euralille,Lille,Nord,Hauts-de-France,HDF,France,fr,0,© OpenStreetMap contributors,Open Database License,https://www.openstreetmap.org/copyright
Musée de l'Hospice Comtesse lille,50.6411688,3.0632054,"Musée de l'Hospice Comtesse, Rue de la Monnaie, 59043 Lille, France",Musée de l'Hospice Comtesse,,Rue de la Monnaie,59043,Lille,Vieux-Lille,Lille,Nord,Hauts-de-France,HDF,France,fr,0,© OpenStreetMap contributors,Open Database License,https://www.openstreetmap.org/copyright
La Citadelle de Lille,50.701934,3.1322799944444437,"La Citadelle, Rue Mirabeau, 59420 Mouvaux, France",La Citadelle,,Rue Mirabeau,59420,,,Mouvaux,Nord,Hauts-de-France,HDF,France,fr,0,© OpenStreetMap contributors,Open Database License,https://www.openstreetmap.org/copyright
Maison natale de Charles de Gaulle lille,50.645844749999995,3.0586700703815612,"Maison natale de Charles de Gaulle, Rue Princesse, 59043 Lille, France",Maison natale de Charles de Gaulle,,Rue Princesse,59043,Lille,Vieux-Lille,Lille,Nord,Hauts-de-France,HDF,France,fr,0,© OpenStreetMap contributors,Open Database License,https://www.openstreetmap.org/copyright
Opéra de Lille,50.63771955,3.065317447354925,"Opéra de Lille, Rue de la Clef, 59800 Lille, France",Opéra de Lille,,Rue de la Clef,59800,Lille,Vieux-Lille,Lille,Nord,Hauts-de-France,HDF,France,fr,0,© OpenStreetMap contributors,Open Database License,https://www.openstreetmap.org/copyright
Quartier du Vieux-Lille,50.644779299999996,3.052581029565949,"Quartier Négrier, 59000 Lille, France",Quartier Négrier,,,59000,Lille,Vieux-Lille,Lille,Nord,Hauts-de-France,HDF,France,fr,0,© OpenStreetMap contributors,Open Database License,https://www.openstreetmap.org/copyright
Maison Coilliot lille,50.6269801,3.0601164,"Maison Coilliot, Rue de Fleurus, 59046 Lille, France",Maison Coilliot,,Rue de Fleurus,59046,Lille,Euralille,Lille,Nord,Hauts-de-France,HDF,France,fr,0,© OpenStreetMap contributors,Open Database License,https://www.openstreetmap.org/copyright
Théâtre Sébastopol lille,50.6291036,3.0583894,"Théâtre Sébastopol, Place Sébastopol, 59046 Lille, France",Théâtre Sébastopol,,Place Sébastopol,59046,Lille,Wazemmes,Lille,Nord,Hauts-de-France,HDF,France,fr,0,© OpenStreetMap contributors,Open Database License,https://www.openstreetmap.org/copyright
Parc Jean-Baptiste Lebas lille,50.6266584,3.069021998028962,"Parc Jean-Baptiste Lebas, Euralille, Lille, Nord, France",Parc Jean-Baptiste Lebas,,,,Lille,Euralille,Lille,Nord,Hauts-de-France,HDF,France,fr,0,© OpenStreetMap contributors,Open Database License,https://www.openstreetmap.org/copyright
Porte de Paris lille,50.6296582,3.0688015,"Porte de Paris, Place Simon Vollant, 59046 Lille, France",Porte de Paris,,Place Simon Vollant,59046,Lille,Lille-Centre,Lille,Nord,Hauts-de-France,HDF,France,fr,0,© OpenStreetMap contributors,Open Database License,https://www.openstreetmap.org/copyright
Beffroi de l'Hôtel de Ville lille,50.63073,3.06979,"Beffroi de l'hôtel de ville de Lille, Lille, Nord, France",Beffroi de l'hôtel de ville de Lille,,,,Lille,,Lille,Nord,Hauts-de-France,HDF,France,fr,0,GeoNames,CC BY 4.0,https://www.geonames.org/datasources/
Maison Folie Wazemmes lille,50.6246519,3.0490162,"Maison Folie Wazemmes, Rue de l'Hopital Saint-Roch, 59046 Lille, France",Maison Folie Wazemmes,,Rue de l'Hopital Saint-Roch,59046,Lille,Wazemmes,Lille,Nord,Hauts-de-France,HDF,France,fr,0,© OpenStreetMap contributors,Open Database License,https://www.openstreetmap.org/copyright
Gare Saint-Sauveur lille,50.6271914,3.0724595821149396,"Gare Saint-Sauveur, Rue Camille Guérin, 59000 Lille, France",Gare Saint-Sauveur,,Rue Camille Guérin,59000,Lille,Euralille,Lille,Nord,Hauts-de-France,HDF,France,fr,0,© OpenStreetMap contributors,Open Database License,https://www.openstreetmap.org/copyright
Musée de l'Institut Pasteur lille,50.6286689,3.0743084,"Musée de l'Institut Pasteur de Lille, Boulevard Louis XIV, 59000 Lille, France",Musée de l'Institut Pasteur de Lille,,Boulevard Louis XIV,59000,Lille,Euralille,Lille,Nord,Hauts-de-France,HDF,France,fr,0,© OpenStreetMap contributors,Open Database License,https://www.openstreetmap.org/copyright
Université Catholique de Lille,50.632877,3.046541,"Université catholique de Lille, 60 Boulevard Vauban, 59000 Lille, France",Université catholique de Lille,60,Boulevard Vauban,59000,Lille,,Lille,Nord,Hauts-de-France,HDF,France,fr,0,© OpenStreetMap contributors,Open Database License,https://www.openstreetmap.org/copyright
Square Dutilleul lille,50.6363647,3.0554016,"Square Dutilleul, 59800 Lille, France",Square Dutilleul,,Square Dutilleul,59800,Lille,Euralille,Lille,Nord,Hauts-de-France,HDF,France,fr,0,© OpenStreetMap contributors,Open Database License,https://www.openstreetmap.org/copyright
Lille Grand Palais,50.632538,3.0781436362934373,"Lille Grand Palais, 1 Boulevard des Cités Unies, 59000 Lille, France",Lille Grand Palais,1,Boulevard des Cités Unies,59000,Lille,Euralille,Lille,Nord,Hauts-de-France,HDF,France,fr,0,© OpenStreetMap contributors,Open Database License,https://www.openstreetmap.org/copyright
Le Tripostal lille,50.6366637,3.0728035,"Le Tripostal, Avenue Willy Brandt, 59000 Lille, France",Le Tripostal,,Avenue Willy Brandt,59000,Lille,Euralille,Lille,Nord,Hauts-de-France,HDF,France,fr,0,© OpenStreetMap contributors,Open Database License,https://www.openstreetmap.org/copyright
"Lille Métropole Musée d'art moderne, d'art contemporain et d'art brut (LaM)",50.637462,3.150363,"LaM Lille Métropole - Musée d'Art Moderne, d'Art Comptemporain et d'Art Brut, 1 Allée du Musée, 59650 Villeneuve-d'Ascq, France","LaM Lille Métropole - Musée d'Art Moderne, d'Art Comptemporain et d'Art Brut",1,Allée du Musée,59650,Villeneuve-d'Ascq,,Villeneuve-d'Ascq,Nord,Hauts-de-France,HDF,France,fr,0,© OpenStreetMap contributors,Open Database License,https://www.openstreetmap.org/copyright
Furet du Nord lille,50.636649,3.0629632,"Furet du Nord, Place du Général de Gaulle, 59800 Lille, France",Furet du Nord,,Place du Général de Gaulle,59800,Lille,Euralille,Lille,Nord,Hauts-de-France,HDF,France,fr,0,© OpenStreetMap contributors,Open Database License,https://www.openstreetmap.org/copyright
Hôtel Carlton lille,50.6367618,3.0653555,"Hôtel Carlton, Rue Pierre Mauroy, 59800 Lille, France",Hôtel Carlton,,Rue Pierre Mauroy,59800,Lille,Euralille,Lille,Nord,Hauts-de-France,HDF,France,fr,0,© OpenStreetMap contributors,Open Database License,https://www.openstreetmap.org/copyright
Marché de Wazemmes lille,50.6260738,3.0497445,"Marché de Wazemmes, Place de la Nouvelle Aventure, 59046 Lille, France",Marché de Wazemmes,,Place de la Nouvelle Aventure,59046,Lille,Wazemmes,Lille,Nord,Hauts-de-France,HDF,France,fr,0,© OpenStreetMap contributors,Open Database License,https://www.openstreetmap.org/copyright
Les Halles de Wazemmes lille,50.626686250000006,3.0492756435910224,"Les Halles, Place de la Nouvelle Aventure, 59046 Lille, France",Les Halles,,Place de la Nouvelle Aventure,59046,Lille,Wazemmes,Lille,Nord,Hauts-de-France,HDF,France,fr,0,© OpenStreetMap contributors,Open Database License,https://www.openstreetmap.org/copyright
Place du Théâtre lille,50.63737515,3.0646942845120275,"Euralille, Lille, HDF, France",,,,59800,Lille,Euralille,Lille,Nord,Hauts-de-France,HDF,France,fr,0,© OpenStreetMap contributors,Open Database License,https://www.openstreetmap.org/copyright
Fort de Mons-en-Barœul lille,50.6448457,3.1201574,"Fort de Mons, Fossé, 59370 Mons-en-Barœul, France",Fort de Mons,,Fossé,59370,,,Mons-en-Barœul,Nord,Hauts-de-France,HDF,France,fr,0,© OpenStreetMap contributors,Open Database License,https://www.openstreetmap.org/copyright
Fort de Mons-en-Barœul lille,50.6448457,3.1201574,"Fort de Mons, Fossé, 59370 Mons-en-Barœul, France",Fort de Mons,,Fossé,59370,,,Mons-en-Barœul,Nord,Hauts-de-France,HDF,France,fr,0,© OpenStreetMap contributors,Open Database License,https://www.openstreetmap.org/copyright
Rue de la Monnaie lille,50.6415135,3.0620055,"Rue de la Monnaie, 59043 Lille, France",Rue de la Monnaie,,Rue de la Monnaie,59043,Lille,Vieux-Lille,Lille,Nord,Hauts-de-France,HDF,France,fr,0,© OpenStreetMap contributors,Open Database License,https://www.openstreetmap.org/copyright
Le Colysée de Lambersart lille,50.639143000000004,3.0353582425675674,"Maison Folie de Lambersart : Le Colysée, Passerelle de Soubise, 59130 Lambersart, France",Maison Folie de Lambersart : Le Colysée,,Passerelle de Soubise,59130,Lille,Bois Blancs,Lambersart,Nord,Hauts-de-France,HDF,France,fr,0,© OpenStreetMap contributors,Open Database License,https://www.openstreetmap.org/copyright
Marché de Noël de Lille,49.440572,1.094045,"Marché de Noël de Rouen, 76000 Rouen, France",Marché de Noël de Rouen,,,76000,Rouen,,Rouen,Seine-Maritime,Normandie,NOR,France,fr,0,© OpenStreetMap contributors,Open Database License,https://www.openstreetmap.org/copyright
Place du Lion d'Or lille,50.6401562,3.064697723257866,"Place du Lion d'Or, 59800 Lille, France",Place du Lion d'Or,,,59800,Lille,Vieux-Lille,Lille,Nord,Hauts-de-France,HDF,France,fr,0,© OpenStreetMap contributors,Open Database License,https://www.openstreetmap.org/copyright
Jardin Vauban lille,50.63674725,3.0492714003077657,"Jardin Vauban, Vauban-Esquermes, Lille, Nord, France",Jardin Vauban,,,,Lille,Vauban-Esquermes,Lille,Nord,Hauts-de-France,HDF,France,fr,0,© OpenStreetMap contributors,Open Database License,https://www.openstreetmap.org/copyright
Piscine Olympique Marx Dormoy lille,50.630216,3.118552,"Piscine Tournesol d'Hellemmes, 59800 Lille, France",,,Piscine Tournesol d'Hellemmes,59800,Lille,,Lille,Nord,Hauts-de-France,HDF,France,fr,0,© OpenStreetMap contributors,Open Database License,https://www.openstreetmap.org/copyright
Église Sainte-Catherine lille,50.6394475,3.057009739878054,"Église Sainte-Catherine, Terrasse Sainte-Catherine, 59800 Lille, France",Église Sainte-Catherine,,Terrasse Sainte-Catherine,59800,Lille,Vieux-Lille,Lille,Nord,Hauts-de-France,HDF,France,fr,0,© OpenStreetMap contributors,Open Database License,https://www.openstreetmap.org/copyright
Le Métropolitain lille,48.109557,-1.680281,"Le Métropolitain, 35000 Rennes, France",Le Métropolitain,,,35000,Rennes,,Rennes,Ille-et-Vilaine,Bretagne,BRE,France,fr,0,© OpenStreetMap contributors,Open Database License,https://www.openstreetmap.org/copyright
Le Nuage Café lille,45.76927,4.834244,"Nuage Café, 69001 Lyon, France",Nuage Café,,,69001,1er Arr.,,Lyon,Rhône,Auvergne-Rhône-Alpes,ARA,France,fr,0,© OpenStreetMap contributors,Open Database License,https://www.openstreetmap.org/copyright
Chapelle de la Réconciliation lille,50.626065350000005,3.0377499506226506,"Chapelle Notre-Dame-de-la-Réconciliation, Rue de Canteleu, 59037 Lille, France",Chapelle Notre-Dame-de-la-Réconciliation,,Rue de Canteleu,59037,Lille,Vauban-Esquermes,Lille,Nord,Hauts-de-France,HDF,France,fr,0,© OpenStreetMap contributors,Open Database License,https://www.openstreetmap.org/copyright
Le Prato lille,50.61923935,3.07107158621463,"Le Prato, Allée de la Filature, 59024 Lille, France",Le Prato,,Allée de la Filature,59024,Lille,Lille-Moulins,Lille,Nord,Hauts-de-France,HDF,France,fr,0,© OpenStreetMap contributors,Open Database License,https://www.openstreetmap.org/copyright
L'Usine de Roubaix lille,50.6752557,3.1977700771512616,"L'Usine de Roubaix, Roubaix, HDF, France",L'Usine de Roubaix,,,59100,,L'Usine de Roubaix,Roubaix,Nord,Hauts-de-France,HDF,France,fr,0,© OpenStreetMap contributors,Open Database License,https://www.openstreetmap.org/copyright
Le Grand Playground lille,50.635174,3.065871,"Grand Playground, 59800 Lille, France",Grand Playground,,,59800,Lille,,Lille,Nord,Hauts-de-France,HDF,France,fr,0,© OpenStreetMap contributors,Open Database License,https://www.openstreetmap.org/copyright
La Gare de Lille-Europe,50.63868,3.07594,"Gare de Lille Europe, Lille, Nord, France",Gare de Lille Europe,,,,Lille,,Lille,Nord,Hauts-de-France,HDF,France,fr,0,GeoNames,CC BY 4.0,https://www.geonames.org/datasources/
La Gare de Lille-Flandres,50.63607,3.07135,"Gare de Lille Flandres, Lille, Nord, France",Gare de Lille Flandres,,,,Lille,,Lille,Nord,Hauts-de-France,HDF,France,fr,0,GeoNames,CC BY 4.0,https://www.geonames.org/datasources/
Place de la République lille,50.632178,3.0606792,"Place de la République, 59800 Lille, France",Place de la République,,Place de la République,59800,Lille,Euralille,Lille,Nord,Hauts-de-France,HDF,France,fr,0,© OpenStreetMap contributors,Open Database License,https://www.openstreetmap.org/copyright
Maison des étudiants catholiques lille,45.751678,4.819255,"Maison Saint-Laurent, 69005 Lyon, France",,,Maison Saint-Laurent,69005,5e Arr.,,Lyon,Rhône,Auvergne-Rhône-Alpes,ARA,France,fr,0,© OpenStreetMap contributors,Open Database License,https://www.openstreetmap.org/copyright
Parc Matisse lille,50.6405711,3.072587032816054,"Parc Henri Matisse, Lille-Centre, Lille, Nord, France",Parc Henri Matisse,,,,Lille,Lille-Centre,Lille,Nord,Hauts-de-France,HDF,France,fr,0,© OpenStreetMap contributors,Open Database License,https://www.openstreetmap.org/copyright
Le Bistrot du Quai lille,48.859077,2.327998,"Rue de Lille Caisse des Depôts, 56 Rue de Lille, 75007 Paris, France",Rue de Lille Caisse des Depôts,56,Rue de Lille,75007,Paris,Saint-Thomas d'Aquin,Paris,Paris,Île-De-France,IDF,France,fr,0,© OpenStreetMap contributors,Open Database License,https://www.openstreetmap.org/copyright
Hôtel de Ville de Lille,50.76511225,3.0061574463551164,"Hôtel de ville, Grand Place, 59560 Comines, France",Hôtel de ville,,Grand Place,59560,,,Comines,Nord,Hauts-de-France,HDF,France,fr,0,© OpenStreetMap contributors,Open Database License,https://www.openstreetmap.org/copyright
Stade Pierre-Mauroy lille,50.61190435,3.1305079515303946,"Decathlon Arena-Stade Pierre-Mauroy, Boulevard de Tournai, 59491 Villeneuve-d'Ascq, France",Decathlon Arena-Stade Pierre-Mauroy,,Boulevard de Tournai,59491,,Hôtel-de-Ville,Villeneuve-d'Ascq,Nord,Hauts-de-France,HDF,France,fr,0,© OpenStreetMap contributors,Open Database License,https://www.openstreetmap.org/copyright
Place Rihour lille,50.6358368,3.0628173,"Place Rihour, 59800 Lille, France",Place Rihour,,Place Rihour,59800,Lille,Euralille,Lille,Nord,Hauts-de-France,HDF,France,fr,0,© OpenStreetMap contributors,Open Database License,https://www.openstreetmap.org/copyright
Les Moulins de Lille,50.61843105,3.076301373821681,"Résidence Les Hauts de Moulins, Lille-Moulins, Lille, Nord, France",Résidence Les Hauts de Moulins,,,,Lille,Lille-Moulins,Lille,Nord,Hauts-de-France,HDF,France,fr,0,© OpenStreetMap contributors,Open Database License,https://www.openstreetmap.org/copyright
École Nationale Supérieure des Arts et Industries Textiles (ENSAIT) lille,50.6945221,3.168123085492458,"École Nationale Supérieure des Arts et Industries Textiles - ENSAIT, 2 Allée Louise et Victor Champier, 59100 Roubaix, France",École Nationale Supérieure des Arts et Industries Textiles - ENSAIT,2,Allée Louise et Victor Champier,59100,,Centre-Ville,Roubaix,Nord,Hauts-de-France,HDF,France,fr,0,© OpenStreetMap contributors,Open Database License,https://www.openstreetmap.org/copyright
Complexe UGC Ciné Cité Lille,48.859077,2.327998,"Rue de Lille Caisse des Depôts, 56 Rue de Lille, 75007 Paris, France",Rue de Lille Caisse des Depôts,56,Rue de Lille,75007,Paris,Saint-Thomas d'Aquin,Paris,Paris,Île-De-France,IDF,France,fr,0,© OpenStreetMap contributors,Open Database License,https://www.openstreetmap.org/copyright
Lille Neige,50.7565864,3.0004555,"Rue Perce Neige, 59560 Comines, France",Rue Perce Neige,,Rue Perce Neige,59560,,,Comines,Nord,Hauts-de-France,HDF,France,fr,0,© OpenStreetMap contributors,Open Database License,https://www.openstreetmap.org/copyright
L’Herbe Folle lille,45.712664,4.631574,"Pierre Folle, 69670 Vaugneray, France",Pierre Folle,,,69670,Vaugneray,,Vaugneray,Rhône,Auvergne-Rhône-Alpes,ARA,France,fr,0,© OpenStreetMap contributors,Open Database License,https://www.openstreetmap.org/copyright
Hospice Gantois lille,50.621933,3.060429,"Gantois, 59046 Lille, France",Gantois,,,59046,Lille,,Lille,Nord,Hauts-de-France,HDF,France,fr,0,© OpenStreetMap contributors,Open Database License,https://www.openstreetmap.org/copyright
Les 3 Brasseurs lille,50.61339185,3.123113473746348,"3 Brasseurs, Rue Chanzy, 59260 Lezennes, France",3 Brasseurs,,Rue Chanzy,59260,,Les Quatre Cantons,Lezennes,Nord,Hauts-de-France,HDF,France,fr,0,© OpenStreetMap contributors,Open Database License,https://www.openstreetmap.org/copyright
Quai de Wault lille,50.6372718,3.0538519,"Le Bouchon du Quai du Wault, Quai du Wault, 59800 Lille, France",Le Bouchon du Quai du Wault,,Quai du Wault,59800,Lille,Vieux-Lille,Lille,Nord,Hauts-de-France,HDF,France,fr,0,© OpenStreetMap contributors,Open Database License,https://www.openstreetmap.org/copyright
Esplanade du Champ de Mars lille,50.641908,3.0513359627211756,"Esplanade du Champ de Mars, 59043 Lille, France",Esplanade du Champ de Mars,,Esplanade du Champ de Mars,59043,Lille,Vauban-Esquermes,Lille,Nord,Hauts-de-France,HDF,France,fr,0,© OpenStreetMap contributors,Open Database License,https://www.openstreetmap.org/copyright
Rue de Béthune lille,50.7255974,3.1331655,"Rue de Béthune, 59200 Tourcoing, France",Rue de Béthune,,Rue de Béthune,59200,Le Brun Pain,,Tourcoing,Nord,Hauts-de-France,HDF,France,fr,0,© OpenStreetMap contributors,Open Database License,https://www.openstreetmap.org/copyright
Les Poussins du Jardin Vauban lille,50.623297,3.066542,"Rue du Bas-Jardin, 59000 Lille, France",,,Rue du Bas-Jardin,59000,Lille,,Lille,Nord,Hauts-de-France,HDF,France,fr,0,© OpenStreetMap contributors,Open Database License,https://www.openstreetmap.org/copyright
Collégiale Saint-Pierre lille,50.6421482,3.0626011,"Vestiges de l'ancienne collégiale Saint-Pierre, 13 Avenue du Peuple Belge, 59043 Lille, France",Vestiges de l'ancienne collégiale Saint-Pierre,13,Avenue du Peuple Belge,59043,Lille,Vieux-Lille,Lille,Nord,Hauts-de-France,HDF,France,fr,0,© OpenStreetMap contributors,Open Database License,https://www.openstreetmap.org/copyright
Le Musée d'Art Sacré Moderne lille,45.7842186,4.852469829690217,"Musée d'Art Contemporain, Allée Achille Lignon, 69006 Lyon, France",Musée d'Art Contemporain,,Allée Achille Lignon,69006,,Cité Internationale,Lyon,Métropole de Lyon,Auvergne-Rhône-Alpes,ARA,France,fr,,© OpenStreetMap contributors,Open Database License,https://www.openstreetmap.org/copyright
Le Flow - Centre Eurorégional des Cultures Urbaines lille,48.484725,7.006232,"Le Centre, 54540 Bionville, France",,,Le Centre,54540,Allarmont,,Bionville,Vosges,Grand Est,GES,France,fr,0,© OpenStreetMap contributors,Open Database License,https://www.openstreetmap.org/copyright
Palais Rameau lille,50.63429815,3.049949637926539,"Palais Rameau, Rue Patou, 59800 Lille, France",Palais Rameau,,Rue Patou,59800,Lille,Lille-Centre,Lille,Nord,Hauts-de-France,HDF,France,fr,0,© OpenStreetMap contributors,Open Database License,https://www.openstreetmap.org/copyright
Le Grand Bleu lille,50.6357293,3.0337122,"Le Grand Bleu, 36 Avenue Marx Dormoy, 59000 Lille, France",Le Grand Bleu,36,Avenue Marx Dormoy,59000,Lille,Bois Blancs,Lille,Nord,Hauts-de-France,HDF,France,fr,0,© OpenStreetMap contributors,Open Database License,https://www.openstreetmap.org/copyright
Grand Place lille,50.7226852,3.1587757319930034,"Grand Place, 59200 Tourcoing, France",Grand Place,,Grand Place,59200,Centre-Ville,Malcense Égalité,Tourcoing,Nord,Hauts-de-France,HDF,France,fr,0,© OpenStreetMap contributors,Open Database License,https://www.openstreetmap.org/copyright
Le Nouveau Siècle lille,48.897357,2.329117,"Le Nouveau Siècle, 75018 Paris, France",Le Nouveau Siècle,,,75018,Paris,Grandes Carrières,Paris,Paris,Île-De-France,IDF,France,fr,0,© OpenStreetMap contributors,Open Database License,https://www.openstreetmap.org/copyright
Parc du Héron lille,50.63431575,3.14839573989948,"Parc du Héron, 59491 Villeneuve-d'Ascq, France",Parc du Héron,,,59491,,Saint-Sauveur,Villeneuve-d'Ascq,Nord,Hauts-de-France,HDF,France,fr,0,© OpenStreetMap contributors,Open Database License,https://www.openstreetmap.org/copyright
Parc Urbain d'EuraTechnologies lille,48.967386,2.288769,"Parc Urbain, 95210 Saint-Gratien, France",,,Parc Urbain,95210,Saint-Gratien,,Saint-Gratien,Val-d'Oise,Île-De-France,IDF,France,fr,0,© OpenStreetMap contributors,Open Database License,https://www.openstreetmap.org/copyright
Le Prieuré de Loos lille,42.85897,2.636116,"Le Prieuré de Molhet, 11350 Padern, France",,,Le Prieuré de Molhet,11350,Padern,,Padern,Aude,Occitanie,OCC,France,fr,0,© OpenStreetMap contributors,Open Database License,https://www.openstreetmap.org/copyright
Le Théâtre du Nord lille,50.6804416,3.136982280319149,"Le Théâtre, 59 Rue Jean Jaurès, 59290 Wasquehal, France",Le Théâtre,59,Rue Jean Jaurès,59290,,Le Capreau,Wasquehal,Nord,Hauts-de-France,HDF,France,fr,0,© OpenStreetMap contributors,Open Database License,https://www.openstreetmap.org/copyright
Le Palais de Justice lille,42.69442,9.446347,"Résidence Le Palais de Justice, 20200 Bastia, France",,,Résidence Le Palais de Justice,20200,Bastia,,Bastia,Haute-Corse,Corse,COR,France,fr,0,© OpenStreetMap contributors,Open Database License,https://www.openstreetmap.org/copyright
Université Lille 1,50.609226750000005,3.1408915010403784,"Université de Lille ‐ Cité scientifique, Boulevard du Breucq, 59260 Lezennes, France",Université de Lille ‐ Cité scientifique,,Boulevard du Breucq,59260,,Les Quatre Cantons,Lezennes,Nord,Hauts-de-France,HDF,France,fr,0,© OpenStreetMap contributors,Open Database License,https://www.openstreetmap.org/copyright
Quartier Bois Blancs lille,50.6309445,3.0229743,"Mairie de quartier Bois-Blancs, Allée Helen Keller, 59373 Lille, France",Mairie de quartier Bois-Blancs,,Allée Helen Keller,59373,Lille,Bois Blancs,Lille,Nord,Hauts-de-France,HDF,France,fr,0,© OpenStreetMap contributors,Open Database License,https://www.openstreetmap.org/copyright
Chapelle Saint-Joseph lille,50.6214771,3.058832,"Chapelle Saint-Joseph, Boulevard Victor Hugo, 59046 Lille, France",Chapelle Saint-Joseph,,Boulevard Victor Hugo,59046,Lille,Wazemmes,Lille,Nord,Hauts-de-France,HDF,France,fr,0,© OpenStreetMap contributors,Open Database License,https://www.openstreetmap.org/copyright
Hôtel Bellevue lille,50.6366673,3.0627234176966125,"Grand Hotel Bellevue, Place du Général de Gaulle, 59800 Lille, France",Grand Hotel Bellevue,,Place du Général de Gaulle,59800,Lille,Euralille,Lille,Nord,Hauts-de-France,HDF,France,fr,0,© OpenStreetMap contributors,Open Database License,https://www.openstreetmap.org/copyright
L’Aéronef lille,50.6368129,3.0737383,"L'Aéronef, Avenue Willy Brandt, 59777 Lille, France",L'Aéronef,,Avenue Willy Brandt,59777,Lille,Euralille,Lille,Nord,Hauts-de-France,HDF,France,fr,0,© OpenStreetMap contributors,Open Database License,https://www.openstreetmap.org/copyright
Le Fresnoy - Studio national des arts contemporains lille,50.700089250000005,3.1546985418382416,"Le Fresnoy, Studio National des Arts Contemporains, Voie Rapide Urbaine, 59200 Tourcoing, France","Le Fresnoy, Studio National des Arts Contemporains",,Voie Rapide Urbaine,59200,Le Blanc Sceau,,Tourcoing,Nord,Hauts-de-France,HDF,France,fr,0,© OpenStreetMap contributors,Open Database License,https://www.openstreetmap.org/copyright
Le Conservatoire de Lille,50.64223,3.06228,"Conservatoire de Lille, Lille, Nord, France",Conservatoire de Lille,,,,Lille,,Lille,Nord,Hauts-de-France,HDF,France,fr,0,GeoNames,CC BY 4.0,https://www.geonames.org/datasources/
Le Jardin des Géants lille,50.643055,3.075003,"1 Jardin des Géants, 59800 La Madeleine, France",,1,Jardin des Géants,59800,La Madeleine,,La Madeleine,Nord,Hauts-de-France,HDF,France,fr,0,© OpenStreetMap contributors,Open Database License,https://www.openstreetmap.org/copyright
Villa Cavrois lille,50.666695849999996,3.1640135032540306,"Villa Cavrois, 60 Avenue John Fitzgerald Kennedy, 59170 Croix, France",Villa Cavrois,60,Avenue John Fitzgerald Kennedy,59170,Croix,,Croix,Nord,Hauts-de-France,HDF,France,fr,0,© OpenStreetMap contributors,Open Database License,https://www.openstreetmap.org/copyright
Institut d'Études Politiques de Lille (Sciences Po Lille),45.747115550000004,4.835376800966607,"Institut d'Études Politiques de Lyon, Avenue Berthelot, 69007 Lyon, France",Institut d'Études Politiques de Lyon,,Avenue Berthelot,69007,,Lyon 7e Arrondissement,Lyon,Métropole de Lyon,Auvergne-Rhône-Alpes,ARA,France,fr,,© OpenStreetMap contributors,Open Database License,https://www.openstreetmap.org/copyright
Quartier Saint-Sauveur lille,50.63233875,3.069602712537998,"Quartier Saint-Sauveur, Lille-Centre, Lille, Nord, France",Quartier Saint-Sauveur,,,,Lille,Lille-Centre,Lille,Nord,Hauts-de-France,HDF,France,fr,0,© OpenStreetMap contributors,Open Database License,https://www.openstreetmap.org/copyright
Le Palais Rihour lille,50.634772350000006,3.0607701307147366,"Le Morrison, Rue du Palais Rihour, 59800 Lille, France",Le Morrison,,Rue du Palais Rihour,59800,Lille,Euralille,Lille,Nord,Hauts-de-France,HDF,France,fr,0,© OpenStreetMap contributors,Open Database License,https://www.openstreetmap.org/copyright
Le Musée des Canonniers lille,50.6408753,3.0693702,"Musée des canonniers sédentaires de Lille, 44 Rue des Canonniers, 59000 Lille, France",Musée des canonniers sédentaires de Lille,44,Rue des Canonniers,59000,Lille,Vieux-Lille,Lille,Nord,Hauts-de-France,HDF,France,fr,0,© OpenStreetMap contributors,Open Database License,https://www.openstreetmap.org/copyright
Parc Naturel Urbain de Lomme lille,50.6559883,2.983670461876879,"Parc Naturel Urbain de Lomme, 59160 Lille, France",Parc Naturel Urbain de Lomme,,,59160,,,Lille,Nord,Hauts-de-France,HDF,France,fr,0,© OpenStreetMap contributors,Open Database License,https://www.openstreetmap.org/copyright
Le Musée de la Piscine lille,43.715754,-0.833769,"480 Le Musée de la Chalosse, 40380 Montfort-en-Chalosse, France",,480,Le Musée de la Chalosse,40380,Montfort-en-Chalosse,,Montfort-en-Chalosse,Landes,Nouvelle-Aquitaine,NAQ,France,fr,0,© OpenStreetMap contributors,Open Database License,https://www.openstreetmap.org/copyright
Ferme pédagogique Marcel Dhénin lille,50.63745595,3.0800493243065534,"La ferme pédagogique Marcel Dhénin, Fives, Lille, Nord, France",La ferme pédagogique Marcel Dhénin,,,,Lille,Fives,Lille,Nord,Hauts-de-France,HDF,France,fr,0,© OpenStreetMap contributors,Open Database License,https://www.openstreetmap.org/copyright
Marché de la Place du Concert lille,50.642714,3.061058,"Place du Concert, 59800 Lille, France",,,Place du Concert,59800,Lille,,Lille,Nord,Hauts-de-France,HDF,France,fr,0,© OpenStreetMap contributors,Open Database License,https://www.openstreetmap.org/copyright
Le Faubourg des Modes lille,45.908115,6.119193,"Le Jardin des Modes, 74000 Annecy, France",Le Jardin des Modes,,,74000,Annecy,Annecy,Annecy,Haute-Savoie,Auvergne-Rhône-Alpes,ARA,France,fr,0,© OpenStreetMap contributors,Open Database License,https://www.openstreetmap.org/copyright
Fives Cail lille,50.6260312,3.0945462121997744,"ZAC ""Fives Cail"" - Phase 2, Fives, Lille, Nord, France","ZAC ""Fives Cail"" - Phase 2",,,,Lille,Fives,Lille,Nord,Hauts-de-France,HDF,France,fr,0,© OpenStreetMap contributors,Open Database License,https://www.openstreetmap.org/copyright
Atelier 2 - Centre d'art contemporain lille,49.445927,6.022819,"2 Rue De Atelier, 57840 Ottange, France",,2,Rue De Atelier,57840,Ottange,,Ottange,Moselle,Grand Est,GES,France,fr,0,© OpenAddresses contributors,BSD-3-Clause License,
Le Musée du Jouet lille,48.928485,2.037969,"Musée du Jouet, 78300 Poissy, France",,,Musée du Jouet,78300,Poissy,,Poissy,Yvelines,Île-De-France,IDF,France,fr,0,© OpenStreetMap contributors,Open Database License,https://www.openstreetmap.org/copyright
Le Grand Sud lille,50.6110532,3.054949756378342,"Le Grand Sud, Rue de l'Europe, 59155 Lille, France",Le Grand Sud,,Rue de l'Europe,59155,Lille,Lille-Sud,Lille,Nord,Hauts-de-France,HDF,France,fr,0,© OpenStreetMap contributors,Open Database License,https://www.openstreetmap.org/copyright
Le Parc Jean-Baptiste Lebas lille,50.626279,3.068429,"Boulevard Jean-Baptiste Lebas, 59000 Lille, France",,,Boulevard Jean-Baptiste Lebas,59000,Lille,,Lille,Nord,Hauts-de-France,HDF,France,fr,0,© OpenStreetMap contributors,Open Database License,https://www.openstreetmap.org/copyright
Chapelle des Carmes de Lille,50.645042,3.054054,"Couvent des Carmes de Lille, 59043 Lille, France",Couvent des Carmes de Lille,,,59043,Lille,,Lille,Nord,Hauts-de-France,HDF,France,fr,0,© OpenStreetMap contributors,Open Database License,https://www.openstreetmap.org/copyright
Le Marché de la Place Sébastopol lille,50.629048,3.057116,"Place Sébastopol, 59000 Lille, France",,,Place Sébastopol,59000,Lille,,Lille,Nord,Hauts-de-France,HDF,France,fr,0,© OpenStreetMap contributors,Open Database License,https://www.openstreetmap.org/copyright
Le Café Citoyen lille,50.63277,3.063426,"Café Citoyen, 59000 Lille, France",,,Café Citoyen,59000,Lille,,Lille,Nord,Hauts-de-France,HDF,France,fr,0,© OpenStreetMap contributors,Open Database License,https://www.openstreetmap.org/copyright
Le Musée Hospitalier Régional de Lille,46.159575,4.171281,"Musée de la Soierie & Musée Hospitalier, 42190 Charlieu, France",Musée de la Soierie & Musée Hospitalier,,,42190,Charlieu,,Charlieu,Loire,Auvergne-Rhône-Alpes,ARA,France,fr,0,© OpenStreetMap contributors,Open Database License,https://www.openstreetmap.org/copyright
Le Fort de Seclin lille,50.556107,3.053733,"Fort de Seclin, Chemin du fort, 59113 Seclin, France",Fort de Seclin,,Chemin du fort,59113,Seclin,,Seclin,Nord,Hauts-de-France,HDF,France,fr,0,© OpenStreetMap contributors,Open Database License,https://www.openstreetmap.org/copyright
Collège de Marcq-en-Barœul lille,50.6840009,3.1053892,"Rue du Collège, 59700 Marcq-en-Barœul, France",Rue du Collège,,Rue du Collège,59700,,Parc Europe,Marcq-en-Barœul,Nord,Hauts-de-France,HDF,France,fr,0,© OpenStreetMap contributors,Open Database License,https://www.openstreetmap.org/copyright
Le Parc des Dondaines lille,50.636006,3.084719,"Rue des Dondaines, 59800 Lille, France",,,Rue des Dondaines,59800,Lille,,Lille,Nord,Hauts-de-France,HDF,France,fr,0,© OpenStreetMap contributors,Open Database License,https://www.openstreetmap.org/copyright