original_address,lat,lon,formatted,name,housenumber,street,postcode,district,suburb,city,county,state,confidence_city_level,state_code,country,confidence_street_level,country_code,confidence,attribution,attribution_license,attribution_url
Palais des Beaux-Arts de Lille,50.630458149999995,3.0628110944444478,"Palais des Beaux-Arts, Place de la République, 59046 Lille, France",Palais des Beaux-Arts,,Place de la République,59046,Lille,Euralille,Lille,Nord,Hauts-de-France,,HDF,France,,fr,0.81,© OpenStreetMap contributors,Open Database License,https://www.openstreetmap.org/copyright
La Vieille Bourse,50.6371325,3.0641154,"Crêperie La Vieille Bourse, 6 Rue des Sept Agaches, 59000 Lille, France",Crêperie La Vieille Bourse,6,Rue des Sept Agaches,59000,Lille,Euralille,Lille,Nord,Hauts-de-France,,HDF,France,,fr,1,© OpenStreetMap contributors,Open Database License,https://www.openstreetmap.org/copyright
Cathédrale Notre-Dame-de-la-Treille,50.6401791,3.062811785213672,"Cathédrale Notre-Dame de la Treille, Place Gilleson, 59800 Lille, France",Cathédrale Notre-Dame de la Treille,,Place Gilleson,59800,Lille,Vieux-Lille,Lille,Nord,Hauts-de-France,,HDF,France,,fr,1,© OpenStreetMap contributors,Open Database License,https://www.openstreetmap.org/copyright
Zoo de Lille,50.6382274,3.047748,"Zoo de Lille, Allée Arlette Gruss, 59800 Lille, France",Zoo de Lille,,Allée Arlette Gruss,59800,Lille,Vauban-Esquermes,Lille,Nord,Hauts-de-France,,HDF,France,,fr,1,© OpenStreetMap contributors,Open Database License,https://www.openstreetmap.org/copyright
Parc de la Citadelle,50.6420898,3.0482218317792293,"Parc de la Citadelle, Vauban-Esquermes, Lille, Nord, France",Parc de la Citadelle,,,,Lille,Vauban-Esquermes,Lille,Nord,Hauts-de-France,,HDF,France,,fr,1,© OpenStreetMap contributors,Open Database License,https://www.openstreetmap.org/copyright
Place Charles de Gaulle,49.9974349,3.30800665037099,"Place Charles de Gaulle, 02110 Beaurevoir, France",Place Charles de Gaulle,,,02110,,,Beaurevoir,Aisne,Hauts-de-France,1,HDF,France,,fr,1,© OpenStreetMap contributors,Open Database License,https://www.openstreetmap.org/copyright
Musée d'Histoire Naturelle,47.2125096,-1.5642182,"Musée d'Histoire naturelle, Rue Voltaire, 44003 Nantes, France",Musée d'Histoire naturelle,,Rue Voltaire,44003,Graslin,Centre Ville,Nantes,Loire-Atlantique,Pays de la Loire,,PDL,France,,fr,1,© OpenStreetMap contributors,Open Database License,https://www.openstreetmap.org/copyright
Église Saint-Maurice,47.2359948,6.027657457113594,"Église Saint-Maurice, Rue de la Bibliothèque, 25000 Besançon, France",Église Saint-Maurice,,Rue de la Bibliothèque,25000,,Sarrail,Besançon,Doubs,Bourgogne-Franche-Comté,,BFC,France,,fr,1,© OpenStreetMap contributors,Open Database License,https://www.openstreetmap.org/copyright
Musée de l'Hospice Comtesse,50.6411688,3.0632054,"Musée de l'Hospice Comtesse, Rue de la Monnaie, 59043 Lille, France",Musée de l'Hospice Comtesse,,Rue de la Monnaie,59043,Lille,Vieux-Lille,Lille,Nord,Hauts-de-France,,HDF,France,,fr,1,© OpenStreetMap contributors,Open Database License,https://www.openstreetmap.org/copyright
La Citadelle de Lille,50.701934,3.1322799944444437,"La Citadelle, Rue Mirabeau, 59420 Mouvaux, France",La Citadelle,,Rue Mirabeau,59420,,,Mouvaux,Nord,Hauts-de-France,,HDF,France,,fr,0.81,© OpenStreetMap contributors,Open Database License,https://www.openstreetmap.org/copyright
Maison natale de Charles de Gaulle,50.645844749999995,3.0586700703815612,"Maison natale de Charles de Gaulle, Rue Princesse, 59043 Lille, France",Maison natale de Charles de Gaulle,,Rue Princesse,59043,Lille,Vieux-Lille,Lille,Nord,Hauts-de-France,,HDF,France,,fr,1,© OpenStreetMap contributors,Open Database License,https://www.openstreetmap.org/copyright
Opéra de Lille,50.63771955,3.065317447354925,"Opéra de Lille, Rue de la Clef, 59800 Lille, France",Opéra de Lille,,Rue de la Clef,59800,Lille,Vieux-Lille,Lille,Nord,Hauts-de-France,,HDF,France,,fr,1,© OpenStreetMap contributors,Open Database License,https://www.openstreetmap.org/copyright
Quartier du Vieux-Lille,50.644326,3.059975,"Mairie de Quartier Vieux-Lille, 59043 Lille, France",Mairie de Quartier Vieux-Lille,,,59043,Lille,,Lille,Nord,Hauts-de-France,,HDF,France,,fr,0.63,© OpenStreetMap contributors,Open Database License,https://www.openstreetmap.org/copyright
Maison Coilliot,50.6269801,3.0601164,"Maison Coilliot, Rue de Fleurus, 59046 Lille, France",Maison Coilliot,,Rue de Fleurus,59046,Lille,Euralille,Lille,Nord,Hauts-de-France,,HDF,France,,fr,1,© OpenStreetMap contributors,Open Database License,https://www.openstreetmap.org/copyright
Théâtre Sébastopol,50.6291036,3.0583894,"Théâtre Sébastopol, Place Sébastopol, 59046 Lille, France",Théâtre Sébastopol,,Place Sébastopol,59046,Lille,Wazemmes,Lille,Nord,Hauts-de-France,,HDF,France,,fr,1,© OpenStreetMap contributors,Open Database License,https://www.openstreetmap.org/copyright
Parc Jean-Baptiste Lebas,50.6266584,3.069021998028962,"Parc Jean-Baptiste Lebas, Euralille, Lille, Nord, France",Parc Jean-Baptiste Lebas,,,,Lille,Euralille,Lille,Nord,Hauts-de-France,,HDF,France,,fr,1,© OpenStreetMap contributors,Open Database License,https://www.openstreetmap.org/copyright
Porte de Paris,50.1711395,3.2317011991525426,"Porte de Paris, Place de la Porte de Paris, 59400 Cambrai, France",Porte de Paris,,Place de la Porte de Paris,59400,,Porte de Paris,Cambrai,Nord,Hauts-de-France,,HDF,France,,fr,1,© OpenStreetMap contributors,Open Database License,https://www.openstreetmap.org/copyright
Beffroi de l'Hôtel de Ville,50.9529274,1.8543089,"Beffroi de l'hôtel de ville, Place du Soldat Inconnu, 62100 Calais, France",Beffroi de l'hôtel de ville,,Place du Soldat Inconnu,62100,,Calais-Nord,Calais,Pas-de-Calais,Hauts-de-France,,HDF,France,,fr,1,© OpenStreetMap contributors,Open Database License,https://www.openstreetmap.org/copyright
Maison Folie Wazemmes,50.6246519,3.0490162,"Maison Folie Wazemmes, Rue de l'Hopital Saint-Roch, 59046 Lille, France",Maison Folie Wazemmes,,Rue de l'Hopital Saint-Roch,59046,Lille,Wazemmes,Lille,Nord,Hauts-de-France,,HDF,France,,fr,1,© OpenStreetMap contributors,Open Database License,https://www.openstreetmap.org/copyright
Gare Saint-Sauveur,50.6271914,3.0724595821149396,"Gare Saint-Sauveur, Rue Camille Guérin, 59000 Lille, France",Gare Saint-Sauveur,,Rue Camille Guérin,59000,Lille,Euralille,Lille,Nord,Hauts-de-France,,HDF,France,,fr,1,© OpenStreetMap contributors,Open Database License,https://www.openstreetmap.org/copyright
Musée de l'Institut Pasteur,50.6286689,3.0743084,"Musée de l'Institut Pasteur de Lille, Boulevard Louis XIV, 59000 Lille, France",Musée de l'Institut Pasteur de Lille,,Boulevard Louis XIV,59000,Lille,Euralille,Lille,Nord,Hauts-de-France,,HDF,France,,fr,1,© OpenStreetMap contributors,Open Database License,https://www.openstreetmap.org/copyright
Université Catholique de Lille,50.632726649999995,3.045020140192894,"Université catholique de Lille, 60 Boulevard Vauban, 59000 Lille, France",Université catholique de Lille,60,Boulevard Vauban,59000,Lille,Vauban-Esquermes,Lille,Nord,Hauts-de-France,,HDF,France,,fr,1,© OpenStreetMap contributors,Open Database License,https://www.openstreetmap.org/copyright
Square Dutilleul,50.6363647,3.0554016,"Square Dutilleul, 59800 Lille, France",Square Dutilleul,,Square Dutilleul,59800,Lille,Euralille,Lille,Nord,Hauts-de-France,,HDF,France,1,fr,1,© OpenStreetMap contributors,Open Database License,https://www.openstreetmap.org/copyright
Lille Grand Palais,50.632538,3.0781436362934373,"Lille Grand Palais, 1 Boulevard des Cités Unies, 59000 Lille, France",Lille Grand Palais,1,Boulevard des Cités Unies,59000,Lille,Euralille,Lille,Nord,Hauts-de-France,,HDF,France,,fr,1,© OpenStreetMap contributors,Open Database License,https://www.openstreetmap.org/copyright
Le Tripostal,50.6366637,3.0728035,"Le Tripostal, Avenue Willy Brandt, 59000 Lille, France",Le Tripostal,,Avenue Willy Brandt,59000,Lille,Euralille,Lille,Nord,Hauts-de-France,,HDF,France,,fr,1,© OpenStreetMap contributors,Open Database License,https://www.openstreetmap.org/copyright
"Lille Métropole Musée d'art moderne, d'art contemporain et d'art brut (LaM)",50.637462,3.150363,"LaM Lille Métropole - Musée d'Art Moderne, d'Art Comptemporain et d'Art Brut, 1 Allée du Musée, 59650 Villeneuve-d'Ascq, France","LaM Lille Métropole - Musée d'Art Moderne, d'Art Comptemporain et d'Art Brut",1,Allée du Musée,59650,Villeneuve-d'Ascq,,Villeneuve-d'Ascq,Nord,Hauts-de-France,0.10824545454545453,HDF,France,0.09742090909090909,fr,0.1605243020547946,© OpenStreetMap contributors,Open Database License,https://www.openstreetmap.org/copyright
Furet du Nord,50.636649,3.0629632,"Furet du Nord, Place du Général de Gaulle, 59800 Lille, France",Furet du Nord,,Place du Général de Gaulle,59800,Lille,Euralille,Lille,Nord,Hauts-de-France,,HDF,France,,fr,1,© OpenStreetMap contributors,Open Database License,https://www.openstreetmap.org/copyright
Hôtel Carlton,50.6367618,3.0653555,"Hôtel Carlton, Rue Pierre Mauroy, 59800 Lille, France",Hôtel Carlton,,Rue Pierre Mauroy,59800,Lille,Euralille,Lille,Nord,Hauts-de-France,,HDF,France,,fr,1,© OpenStreetMap contributors,Open Database License,https://www.openstreetmap.org/copyright
Marché de Wazemmes,50.6260738,3.0497445,"Marché de Wazemmes, Place de la Nouvelle Aventure, 59046 Lille, France",Marché de Wazemmes,,Place de la Nouvelle Aventure,59046,Lille,Wazemmes,Lille,Nord,Hauts-de-France,,HDF,France,,fr,1,© OpenStreetMap contributors,Open Database License,https://www.openstreetmap.org/copyright
Les Halles de Wazemmes,50.626686250000006,3.0492756435910224,"Les Halles, Place de la Nouvelle Aventure, 59046 Lille, France",Les Halles,,Place de la Nouvelle Aventure,59046,Lille,Wazemmes,Lille,Nord,Hauts-de-France,,HDF,France,,fr,0.5,© OpenStreetMap contributors,Open Database License,https://www.openstreetmap.org/copyright
Place du Théâtre,50.6379959,3.0638572,"Place du Théâtre, 59800 Lille, France",Place du Théâtre,,Place du Théâtre,59800,Lille,Euralille,Lille,Nord,Hauts-de-France,,HDF,France,1,fr,1,© OpenStreetMap contributors,Open Database License,https://www.openstreetmap.org/copyright
Fort de Mons-en-Barœul,50.6448457,3.1201574,"Fort de Mons, Fossé, 59370 Mons-en-Barœul, France",Fort de Mons,,Fossé,59370,,,Mons-en-Barœul,Nord,Hauts-de-France,,HDF,France,,fr,0.6,© OpenStreetMap contributors,Open Database License,https://www.openstreetmap.org/copyright
Fort de Mons-en-Barœul,50.6448457,3.1201574,"Fort de Mons, Fossé, 59370 Mons-en-Barœul, France",Fort de Mons,,Fossé,59370,,,Mons-en-Barœul,Nord,Hauts-de-France,,HDF,France,,fr,0.6,© OpenStreetMap contributors,Open Database License,https://www.openstreetmap.org/copyright
Rue de la Monnaie,48.29589,4.0713936,"Rue de la Monnaie, 10000 Troyes, France",Rue de la Monnaie,,Rue de la Monnaie,10000,,Quartier Saint-Jean,Troyes,Aube,Grand Est,,GES,France,1,fr,1,© OpenStreetMap contributors,Open Database License,https://www.openstreetmap.org/copyright
Le Colysée de Lambersart,50.639143000000004,3.0353582425675674,"Maison Folie de Lambersart : Le Colysée, Passerelle de Soubise, 59130 Lambersart, France",Maison Folie de Lambersart : Le Colysée,,Passerelle de Soubise,59130,Lille,Bois Blancs,Lambersart,Nord,Hauts-de-France,,HDF,France,,fr,0.81,© OpenStreetMap contributors,Open Database License,https://www.openstreetmap.org/copyright
Marché de Noël de Lille,49.440572,1.094045,"Marché de Noël de Rouen, 76000 Rouen, France",Marché de Noël de Rouen,,,76000,Rouen,,Rouen,Seine-Maritime,Normandie,,NOR,France,,fr,0,© OpenStreetMap contributors,Open Database License,https://www.openstreetmap.org/copyright
Place du Lion d'Or,43.957428500000006,0.3715663429675443,"Place du Lion d'Or, 32100 Condom, France",Place du Lion d'Or,,,32100,Au Canal,,Condom,Gers,Occitanie,,OCC,France,,fr,1,© OpenStreetMap contributors,Open Database License,https://www.openstreetmap.org/copyright
Jardin Vauban,50.63674725,3.0492714003077657,"Jardin Vauban, Vauban-Esquermes, Lille, Nord, France",Jardin Vauban,,,,Lille,Vauban-Esquermes,Lille,Nord,Hauts-de-France,,HDF,France,,fr,1,© OpenStreetMap contributors,Open Database License,https://www.openstreetmap.org/copyright
Piscine Olympique Marx Dormoy,43.330693,-0.443052,"Piscine, 64230 Lescar, France",Piscine,,,64230,Lescar,,Lescar,Pyrénées-Atlantiques,Nouvelle-Aquitaine,,NAQ,France,,fr,0,© OpenStreetMap contributors,Open Database License,https://www.openstreetmap.org/copyright
Église Sainte-Catherine,49.05058,7.426300211693327,"Église Sainte-Catherine, Rue du Maréchal Foch, 57230 Bitche, France",Église Sainte-Catherine,,Rue du Maréchal Foch,57230,,,Bitche,Moselle,Grand Est,,GES,France,,fr,1,© OpenStreetMap contributors,Open Database License,https://www.openstreetmap.org/copyright
Le Métropolitain,48.1095573,-1.6802811,"Le Métropolitain, Rue de Nemours, 35000 Rennes, France",Le Métropolitain,,Rue de Nemours,35000,Quartiers Centre,Centre,Rennes,Ille-et-Vilaine,Bretagne,,BRE,France,,fr,1,© OpenStreetMap contributors,Open Database License,https://www.openstreetmap.org/copyright
Le Nuage Café,48.8492217,2.3474809,"Nuage Café, 14 Rue des Carmes, 75005 Paris, France",Nuage Café,14,Rue des Carmes,75005,Paris,Paris 5e Arrondissement,Paris,,Île-de-France,,IDF,France,,fr,0.9,© OpenStreetMap contributors,Open Database License,https://www.openstreetmap.org/copyright
Chapelle de la Réconciliation,49.1964887,6.966985167173113,"Chapelle de la Réconciliation, Rue des Hauteurs, 57350 Spicheren, France",Chapelle de la Réconciliation,,Rue des Hauteurs,57350,,,Spicheren,Moselle,Grand Est,,GES,France,,fr,1,© OpenStreetMap contributors,Open Database License,https://www.openstreetmap.org/copyright
Le Prato,50.61923935,3.07107158621463,"Le Prato, Allée de la Filature, 59024 Lille, France",Le Prato,,Allée de la Filature,59024,Lille,Lille-Moulins,Lille,Nord,Hauts-de-France,,HDF,France,,fr,1,© OpenStreetMap contributors,Open Database License,https://www.openstreetmap.org/copyright
L'Usine de Roubaix,50.6752557,3.1977700771512616,"L'Usine de Roubaix, Roubaix, HDF, France",L'Usine de Roubaix,,,59100,,L'Usine de Roubaix,Roubaix,Nord,Hauts-de-France,1,HDF,France,,fr,1,© OpenStreetMap contributors,Open Database License,https://www.openstreetmap.org/copyright
Le Grand Playground,50.6710196,3.1469051,"Grand Playground, 54 Avenue Le Nôtre, 59650 Villeneuve-d'Ascq, France",Grand Playground,54,Avenue Le Nôtre,59650,,Flers-Breucq,Villeneuve-d'Ascq,Nord,Hauts-de-France,,HDF,France,,fr,0.9,© OpenStreetMap contributors,Open Database License,https://www.openstreetmap.org/copyright
La Gare de Lille-Europe,50.63868,3.07594,"Gare de Lille Europe, Lille, Nord, France",Gare de Lille Europe,,,,Lille,,Lille,Nord,Hauts-de-France,,HDF,France,,fr,0.9,GeoNames,CC BY 4.0,https://www.geonames.org/datasources/
La Gare de Lille-Flandres,50.63607,3.07135,"Gare de Lille Flandres, Lille, Nord, France",Gare de Lille Flandres,,,,Lille,,Lille,Nord,Hauts-de-France,,HDF,France,,fr,0.9,GeoNames,CC BY 4.0,https://www.geonames.org/datasources/
Place de la République,49.11501145,6.172619648622044,"Place de la République, Nouvelle Ville, Metz, Moselle, France",Place de la République,,,,,Nouvelle Ville,Metz,Moselle,Grand Est,,GES,France,,fr,1,© OpenStreetMap contributors,Open Database License,https://www.openstreetmap.org/copyright
Maison des étudiants catholiques,47.7420249,-3.3868530139829973,"Maison des Étudiants, Rue de Lanveur, 56100 Lorient, France",Maison des Étudiants,,Rue de Lanveur,56100,,Lanveur,Lorient,Morbihan,Bretagne,,BRE,France,,fr,0.75,© OpenStreetMap contributors,Open Database License,https://www.openstreetmap.org/copyright
Parc Matisse,48.6548791,2.3471456,"Rue Henri Matisse, 91390 Morsang-sur-Orge, France",Rue Henri Matisse,,Rue Henri Matisse,91390,Parc Beauséjour,Quartier Robespierre,Morsang-sur-Orge,Essonne,Île-de-France,,IDF,France,,fr,0,© OpenStreetMap contributors,Open Database License,https://www.openstreetmap.org/copyright
Le Bistrot du Quai,46.4335092,4.2753191,"Le Bistrot du Quai, 1 Avenue de la Libération, 71120 Charolles, France",Le Bistrot du Quai,1,Avenue de la Libération,71120,Cité de Gaulle,,Charolles,Saône-et-Loire,Bourgogne-Franche-Comté,,BFC,France,,fr,1,© OpenStreetMap contributors,Open Database License,https://www.openstreetmap.org/copyright
Hôtel de Ville de Lille,50.76511225,3.0061574463551164,"Hôtel de ville, Grand Place, 59560 Comines, France",Hôtel de ville,,Grand Place,59560,,,Comines,Nord,Hauts-de-France,,HDF,France,,fr,0.9,© OpenStreetMap contributors,Open Database License,https://www.openstreetmap.org/copyright
Stade Pierre-Mauroy,50.61190435,3.1305079515303946,"Decathlon Arena-Stade Pierre-Mauroy, Boulevard de Tournai, 59491 Villeneuve-d'Ascq, France",Decathlon Arena-Stade Pierre-Mauroy,,Boulevard de Tournai,59491,,Hôtel-de-Ville,Villeneuve-d'Ascq,Nord,Hauts-de-France,,HDF,France,,fr,1,© OpenStreetMap contributors,Open Database License,https://www.openstreetmap.org/copyright
Place Rihour,50.6358368,3.0628173,"Place Rihour, 59800 Lille, France",Place Rihour,,Place Rihour,59800,Lille,Euralille,Lille,Nord,Hauts-de-France,,HDF,France,1,fr,1,© OpenStreetMap contributors,Open Database License,https://www.openstreetmap.org/copyright
Les Moulins de Lille,50.6217721,3.0736197,"Les Halles de Moulin, Rue Jean Jaurès, 59024 Lille, France",Les Halles de Moulin,,Rue Jean Jaurès,59024,Lille,Lille-Moulins,Lille,Nord,Hauts-de-France,,HDF,France,,fr,0.63,© OpenStreetMap contributors,Open Database License,https://www.openstreetmap.org/copyright
École Nationale Supérieure des Arts et Industries Textiles (ENSAIT),50.6945221,3.168123085492458,"École Nationale Supérieure des Arts et Industries Textiles - ENSAIT, 2 Allée Louise et Victor Champier, 59100 Roubaix, France",École Nationale Supérieure des Arts et Industries Textiles - ENSAIT,2,Allée Louise et Victor Champier,59100,,Centre-Ville,Roubaix,Nord,Hauts-de-France,0.14432727272727272,HDF,France,0.03608181818181818,fr,0.04858322574626866,© OpenStreetMap contributors,Open Database License,https://www.openstreetmap.org/copyright
Complexe UGC Ciné Cité Lille,48.859077,2.327998,"Rue de Lille Caisse des Depôts, 56 Rue de Lille, 75007 Paris, France",Rue de Lille Caisse des Depôts,56,Rue de Lille,75007,Paris,Saint-Thomas d'Aquin,Paris,Paris,Île-De-France,,IDF,France,,fr,0,© OpenStreetMap contributors,Open Database License,https://www.openstreetmap.org/copyright
Lille Neige,48.1522784,-1.6601083,"L'Ille, BRE, France",L'Ille,,,,,,,,Bretagne,,BRE,France,,fr,0.63,© OpenStreetMap contributors,Open Database License,https://www.openstreetmap.org/copyright
L’Herbe Folle,45.6600698,4.5601646,"L'Herbe Folle, 6 Place de l'Église, 69850 Saint-Martin-en-Haut, France",L'Herbe Folle,6,Place de l'Église,69850,Rampeaux,,Saint-Martin-en-Haut,Rhône,Auvergne-Rhône-Alpes,,ARA,France,,fr,1,© OpenStreetMap contributors,Open Database License,https://www.openstreetmap.org/copyright
Hospice Gantois,50.621933,3.060429,"Gantois, 59046 Lille, France",Gantois,,,59046,Lille,,Lille,Nord,Hauts-de-France,,HDF,France,,fr,0.5,© OpenStreetMap contributors,Open Database License,https://www.openstreetmap.org/copyright
Les 3 Brasseurs,43.289482449999994,5.4819054472259285,"Les 3 Brasseurs, Montée Commandant de Robien, 13011 Marseille, France",Les 3 Brasseurs,,Montée Commandant de Robien,13011,,11e Arrondissement,Marseille,Bouches-du-Rhône,Provence-Alpes-Côte d'Azur,,PAC,France,,fr,1,© OpenStreetMap contributors,Open Database License,https://www.openstreetmap.org/copyright
Quai de Wault,50.6372718,3.0538519,"Le Bouchon du Quai du Wault, Quai du Wault, 59800 Lille, France",Le Bouchon du Quai du Wault,,Quai du Wault,59800,Lille,Vieux-Lille,Lille,Nord,Hauts-de-France,,HDF,France,,fr,0.567,© OpenStreetMap contributors,Open Database License,https://www.openstreetmap.org/copyright
Esplanade du Champ de Mars,44.9291322,4.888020398505844,"Esplanade du Champ de Mars, 26000 Valence, France",Esplanade du Champ de Mars,,Esplanade du Champ de Mars,26000,,,Valence,Drôme,Auvergne-Rhône-Alpes,,ARA,France,1,fr,1,© OpenStreetMap contributors,Open Database License,https://www.openstreetmap.org/copyright
Rue de Béthune,50.5417758,2.7208785,"Rue de Béthune, 62660 Beuvry, France",Rue de Béthune,,Rue de Béthune,62660,,,Beuvry,Pas-de-Calais,Hauts-de-France,,HDF,France,1,fr,1,© OpenStreetMap contributors,Open Database License,https://www.openstreetmap.org/copyright
Les Poussins du Jardin Vauban,48.147878,6.926878,"Rue du Jardin, 88430 Gerbépal, France",,,Rue du Jardin,88430,Gerbépal,,Gerbépal,Vosges,Grand Est,,GES,France,,fr,0,© OpenStreetMap contributors,Open Database License,https://www.openstreetmap.org/copyright
Collégiale Saint-Pierre,49.42381485,1.7182027620803,"Collégiale Saint-Pierre, Rue Jules Ferry, 76220 Neuf-Marché, France",Collégiale Saint-Pierre,,Rue Jules Ferry,76220,,,Neuf-Marché,Seine-Maritime,Normandie,,NOR,France,,fr,1,© OpenStreetMap contributors,Open Database License,https://www.openstreetmap.org/copyright
Le Musée d'Art Sacré Moderne,44.97585465,6.507520369014442,"Musée d'art sacré, Rue de l'École, 05220 Le Monêtier-les-Bains, France",Musée d'art sacré,,Rue de l'École,05220,,,Le Monêtier-les-Bains,Hautes-Alpes,Provence-Alpes-Côte d'Azur,,PAC,France,,fr,0.6,© OpenStreetMap contributors,Open Database License,https://www.openstreetmap.org/copyright
Le Flow - Centre Eurorégional des Cultures Urbaines,47.84146,-1.794739,"Rue le Deron Centre, 35480 St.-Malo-de-Phily, France",,,Rue le Deron Centre,35480,Saint-Malo-de-Phily,,St.-Malo-de-Phily,Ille-et-Vilaine,Bretagne,0.1171875,BRE,France,0.094921875,fr,0.41294117647058826,© OpenStreetMap contributors,Open Database License,https://www.openstreetmap.org/copyright
Palais Rameau,50.63429815,3.049949637926539,"Palais Rameau, Rue Patou, 59800 Lille, France",Palais Rameau,,Rue Patou,59800,Lille,Lille-Centre,Lille,Nord,Hauts-de-France,,HDF,France,,fr,1,© OpenStreetMap contributors,Open Database License,https://www.openstreetmap.org/copyright
Le Grand Bleu,43.4012506,3.6967902,"Le Grand Bleu, Quai du Général Durand, 34200 Sète, France",Le Grand Bleu,,Quai du Général Durand,34200,,,Sète,Hérault,Occitanie,,OCC,France,,fr,1,© OpenStreetMap contributors,Open Database License,https://www.openstreetmap.org/copyright
Grand Place,-21.0414474,55.412164,"97419 Grand-Place (La Possession), France",Grand-Place,,,97419,,,La Possession,,La Réunion,1,RE,France,,fr,1,© OpenStreetMap contributors,Open Database License,https://www.openstreetmap.org/copyright
Le Nouveau Siècle,48.8973573,2.3291166,"Le Nouveau Siècle, Avenue de Saint-Ouen, 75018 Paris, France",Le Nouveau Siècle,,Avenue de Saint-Ouen,75018,Paris,Paris 18e Arrondissement,Paris,,Île-de-France,,IDF,France,,fr,1,© OpenStreetMap contributors,Open Database License,https://www.openstreetmap.org/copyright
Parc du Héron,50.63431575,3.14839573989948,"Parc du Héron, 59491 Villeneuve-d'Ascq, France",Parc du Héron,,,59491,,Saint-Sauveur,Villeneuve-d'Ascq,Nord,Hauts-de-France,,HDF,France,,fr,1,© OpenStreetMap contributors,Open Database License,https://www.openstreetmap.org/copyright
Parc Urbain d'EuraTechnologies,48.967386,2.288769,"Parc Urbain, 95210 Saint-Gratien, France",,,Parc Urbain,95210,Saint-Gratien,,Saint-Gratien,Val-d'Oise,Île-De-France,,IDF,France,,fr,0,© OpenStreetMap contributors,Open Database License,https://www.openstreetmap.org/copyright
Le Prieuré de Loos,50.602032,3.03882,"Le Sémaphore, 59120 Loos, France",Le Sémaphore,,,59120,Loos,,Loos,Nord,Hauts-de-France,,HDF,France,,fr,0,© OpenStreetMap contributors,Open Database License,https://www.openstreetmap.org/copyright
Le Théâtre du Nord,50.6804416,3.136982280319149,"Le Théâtre, 59 Rue Jean Jaurès, 59290 Wasquehal, France",Le Théâtre,59,Rue Jean Jaurès,59290,,Le Capreau,Wasquehal,Nord,Hauts-de-France,,HDF,France,,fr,0.5,© OpenStreetMap contributors,Open Database License,https://www.openstreetmap.org/copyright
Le Palais de Justice,48.8035602,2.1319704,"Le Palais de Justice, 2 Rue Georges Clemenceau, 78000 Versailles, France",Le Palais de Justice,2,Rue Georges Clemenceau,78000,,Notre-Dame,Versailles,Yvelines,Île-de-France,,IDF,France,,fr,1,© OpenStreetMap contributors,Open Database License,https://www.openstreetmap.org/copyright
Université Lille 1,50.632166,3.046115,"Université Catholique, 59000 Lille, France",Université Catholique,,,59000,Lille,,Lille,Nord,Hauts-de-France,,HDF,France,,fr,0.567,© OpenStreetMap contributors,Open Database License,https://www.openstreetmap.org/copyright
Quartier Bois Blancs,50.6309445,3.0229743,"Mairie de quartier Bois-Blancs, Allée Helen Keller, 59373 Lille, France",Mairie de quartier Bois-Blancs,,Allée Helen Keller,59373,Lille,Bois Blancs,Lille,Nord,Hauts-de-France,,HDF,France,,fr,1,© OpenStreetMap contributors,Open Database License,https://www.openstreetmap.org/copyright
Chapelle Saint-Joseph,43.8623795,6.814301878552974,"Chapelle Saint-Joseph, Rue Célestin Freinet, 06850 Gars, France",Chapelle Saint-Joseph,,Rue Célestin Freinet,06850,,,Gars,Alpes-Maritimes,Provence-Alpes-Côte d'Azur,,PAC,France,,fr,1,© OpenStreetMap contributors,Open Database License,https://www.openstreetmap.org/copyright
Hôtel Bellevue,48.39041585,-4.478255294849722,"Hôtel Bellevue, Rue Victor Hugo, 29200 Brest, France",Hôtel Bellevue,,Rue Victor Hugo,29200,,Saint-Martin,Brest,Finistère,Bretagne,,BRE,France,,fr,1,© OpenStreetMap contributors,Open Database License,https://www.openstreetmap.org/copyright
L’Aéronef,50.6368129,3.0737383,"L'Aéronef, Avenue Willy Brandt, 59777 Lille, France",L'Aéronef,,Avenue Willy Brandt,59777,Lille,Euralille,Lille,Nord,Hauts-de-France,,HDF,France,,fr,1,© OpenStreetMap contributors,Open Database License,https://www.openstreetmap.org/copyright
Le Fresnoy - Studio national des arts contemporains,50.7000523,3.1546769,"Le Fresnoy - Studio national des arts contemporains, 22 Rue du Fresnoy, 59200 Tourcoing, France",Le Fresnoy - Studio national des arts contemporains,22,Rue du Fresnoy,59200,,Plaine Images,Tourcoing,Nord,Hauts-de-France,0.1750329,HDF,France,0.15752961,fr,0.4142435294117648,© OpenStreetMap contributors,Open Database License,https://www.openstreetmap.org/copyright
Le Conservatoire de Lille,50.64223,3.06228,"Conservatoire de Lille, Lille, Nord, France",Conservatoire de Lille,,,,Lille,,Lille,Nord,Hauts-de-France,,HDF,France,,fr,0.9,GeoNames,CC BY 4.0,https://www.geonames.org/datasources/
Le Jardin des Géants,50.642903,3.074832131409481,"Jardin des Géants, 59110 La Madeleine, France",Jardin des Géants,,,59110,Lille,Saint-Maurice Pellevoisin,La Madeleine,Nord,Hauts-de-France,,HDF,France,,fr,0.9,© OpenStreetMap contributors,Open Database License,https://www.openstreetmap.org/copyright
Villa Cavrois,50.666695849999996,3.1640135032540306,"Villa Cavrois, 60 Avenue John Fitzgerald Kennedy, 59170 Croix, France",Villa Cavrois,60,Avenue John Fitzgerald Kennedy,59170,,,Croix,Nord,Hauts-de-France,,HDF,France,,fr,1,© OpenStreetMap contributors,Open Database License,https://www.openstreetmap.org/copyright
Institut d'Études Politiques de Lille (Sciences Po Lille),50.628256,3.066108,"Institut d'études politiques (Sciences Po Lille), 59046 Lille, France",Institut d'études politiques (Sciences Po Lille),,,59046,Lille,,Lille,Nord,Hauts-de-France,1,HDF,France,,fr,0.81225,© OpenStreetMap contributors,Open Database License,https://www.openstreetmap.org/copyright
Quartier Saint-Sauveur,50.63233875,3.069602712537998,"Quartier Saint-Sauveur, Lille-Centre, Lille, Nord, France",Quartier Saint-Sauveur,,,,Lille,Lille-Centre,Lille,Nord,Hauts-de-France,,HDF,France,,fr,1,© OpenStreetMap contributors,Open Database License,https://www.openstreetmap.org/copyright
Le Palais Rihour,50.635523500000005,3.0619809639312434,"Palais Rihour, Place Rihour, 59800 Lille, France",Palais Rihour,,Place Rihour,59800,Lille,Euralille,Lille,Nord,Hauts-de-France,,HDF,France,,fr,0.9,© OpenStreetMap contributors,Open Database License,https://www.openstreetmap.org/copyright
Le Musée des Canonniers,50.6408753,3.0693702,"Musée des canonniers sédentaires de Lille, 44 Rue des Canonniers, 59000 Lille, France",Musée des canonniers sédentaires de Lille,44,Rue des Canonniers,59000,Lille,Vieux-Lille,Lille,Nord,Hauts-de-France,,HDF,France,,fr,0.5103000000000001,© OpenStreetMap contributors,Open Database License,https://www.openstreetmap.org/copyright
Parc Naturel Urbain de Lomme,50.6559883,2.983670461876879,"Parc Naturel Urbain de Lomme, 59160 Lille, France",Parc Naturel Urbain de Lomme,,,59160,,,Lille,Nord,Hauts-de-France,,HDF,France,,fr,1,© OpenStreetMap contributors,Open Database License,https://www.openstreetmap.org/copyright
Le Musée de la Piscine,43.715754,-0.833769,"480 Le Musée de la Chalosse, 40380 Montfort-en-Chalosse, France",,480,Le Musée de la Chalosse,40380,Montfort-en-Chalosse,,Montfort-en-Chalosse,Landes,Nouvelle-Aquitaine,,NAQ,France,,fr,0,© OpenStreetMap contributors,Open Database License,https://www.openstreetmap.org/copyright
Ferme pédagogique Marcel Dhénin,50.63745595,3.0800493243065534,"La ferme pédagogique Marcel Dhénin, Fives, Lille, Nord, France",La ferme pédagogique Marcel Dhénin,,,,Lille,Fives,Lille,Nord,Hauts-de-France,,HDF,France,,fr,1,© OpenStreetMap contributors,Open Database License,https://www.openstreetmap.org/copyright
Marché de la Place du Concert,50.641896,3.061756,"Place du Concert, 59043 Lille, France",Place du Concert,,,59043,Lille,,Lille,Nord,Hauts-de-France,,HDF,France,,fr,0.5,© OpenStreetMap contributors,Open Database License,https://www.openstreetmap.org/copyright
Le Faubourg des Modes,48.826369,2.130397,"Le Chesnay (Le Chesnay), IDF, France",,,,,Le Chesnay,,Le Chesnay,Yvelines,Île-De-France,0.14285714285714285,IDF,France,,fr,0.14285714285714285,Who's On First,CC0,https://www.whosonfirst.org/docs/licenses/
Fives Cail,50.6260312,3.0945462121997744,"ZAC ""Fives Cail"" - Phase 2, Fives, Lille, Nord, France","ZAC ""Fives Cail"" - Phase 2",,,,Lille,Fives,Lille,Nord,Hauts-de-France,,HDF,France,,fr,1,© OpenStreetMap contributors,Open Database License,https://www.openstreetmap.org/copyright
Atelier 2 - Centre d'art contemporain,48.722294,-3.969517,"2 Atelier Relais Du Bloscon, 29680 Roscoff, France",,2,Atelier Relais Du Bloscon,29680,Roscoff,,Roscoff,Finistère,Bretagne,,BRE,France,0.7290000000000001,fr,0.7092972972972974,© OpenAddresses contributors,BSD-3-Clause License,
Le Musée du Jouet,46.4324457,5.7269691,"Musée du Jouet, 5 Rue du Murgin, 39260 Moirans-en-Montagne, France",Musée du Jouet,5,Rue du Murgin,39260,,,Moirans-en-Montagne,Jura,Bourgogne-Franche-Comté,,BFC,France,,fr,0.9,© OpenStreetMap contributors,Open Database License,https://www.openstreetmap.org/copyright
Le Grand Sud,50.48024395,1.5887643876874185,"Le Grand Sud, 62780 Cucq, France",Le Grand Sud,,,62780,,,Cucq,Pas-de-Calais,Hauts-de-France,1,HDF,France,,fr,1,© OpenStreetMap contributors,Open Database License,https://www.openstreetmap.org/copyright
Le Parc Jean-Baptiste Lebas,51.006176,2.310867,"Rue Jean-Baptiste Lebas, 59760 Grande-Synthe, France",,,Rue Jean-Baptiste Lebas,59760,Grande-Synthe,,Grande-Synthe,Nord,Hauts-de-France,,HDF,France,,fr,0,© OpenStreetMap contributors,Open Database License,https://www.openstreetmap.org/copyright
Chapelle des Carmes de Lille,50.645042,3.054054,"Couvent des Carmes de Lille, 59043 Lille, France",Couvent des Carmes de Lille,,,59043,Lille,,Lille,Nord,Hauts-de-France,,HDF,France,,fr,0,© OpenStreetMap contributors,Open Database License,https://www.openstreetmap.org/copyright
Le Marché de la Place Sébastopol,47.057714,-1.496841,"Place de la Marche, 44140 Montbert, France",,,Place de la Marche,44140,Montbert,,Montbert,Loire-Atlantique,Pays de la Loire,,PDL,France,,fr,0,© OpenStreetMap contributors,Open Database License,https://www.openstreetmap.org/copyright
Le Café Citoyen,43.5258559,5.454731,"Le 3C - Café Culturel Citoyen, 23 Contre-Allée Carnot, 13100 Aix-en-Provence, France",Le 3C - Café Culturel Citoyen,23,Contre-Allée Carnot,13100,,Cuques,Aix-en-Provence,Bouches-du-Rhône,Provence-Alpes-Côte d'Azur,,PAC,France,,fr,0.81,© OpenStreetMap contributors,Open Database License,https://www.openstreetmap.org/copyright
Le Musée Hospitalier Régional de Lille,46.159575,4.171281,"Musée de la Soierie & Musée Hospitalier, 42190 Charlieu, France",Musée de la Soierie & Musée Hospitalier,,,42190,Charlieu,,Charlieu,Loire,Auvergne-Rhône-Alpes,,ARA,France,,fr,0,© OpenStreetMap contributors,Open Database License,https://www.openstreetmap.org/copyright
Le Fort de Seclin,50.556107,3.053733,"Fort de Seclin, Chemin du fort, 59113 Seclin, France",Fort de Seclin,,Chemin du fort,59113,Seclin,,Seclin,Nord,Hauts-de-France,,HDF,France,,fr,0.9,© OpenStreetMap contributors,Open Database License,https://www.openstreetmap.org/copyright
Collège de Marcq-en-Barœul,50.6840009,3.1053892,"Rue du Collège, 59700 Marcq-en-Barœul, France",Rue du Collège,,Rue du Collège,59700,,Parc Europe,Marcq-en-Barœul,Nord,Hauts-de-France,,HDF,France,,fr,0,© OpenStreetMap contributors,Open Database License,https://www.openstreetmap.org/copyright
Le Parc des Dondaines,50.271027,3.478442,"Rue des Dondaines, 59227 Verchain-Maugré, France",,,Rue des Dondaines,59227,Verchain-Maugré,,Verchain-Maugré,Nord,Hauts-de-France,,HDF,France,,fr,0,© OpenStreetMap contributors,Open Database License,https://www.openstreetmap.org/copyright